{"cameraMode":{"drawMode":0,"name":"Shaded","section":"Shading Mode"},"sceneLighting":false,"audioPlay":false,"sceneViewState":{"m_AlwaysRefresh":false,"showFog":true,"showSkybox":false,"showFlares":true,"showImageEffects":true,"showParticleSystems":true,"showVisualEffectGraphs":true,"m_FxEnabled":true},"in2DMode":false,"pivot":{"x":0.0722862184047699,"y":1.2770860195159913,"z":2.393005847930908},"rotation":{"x":0.0015407647006213666,"y":0.9943910241127014,"z":-0.10480572283267975,"w":0.014619674533605576},"size":1.250514268875122,"orthographic":false}