{"cameraMode":{"drawMode":0,"name":"Shaded","section":"Shading Mode"},"sceneLighting":false,"audioPlay":false,"sceneViewState":{"m_AlwaysRefresh":false,"showFog":true,"showSkybox":false,"showFlares":true,"showImageEffects":true,"showParticleSystems":true,"showVisualEffectGraphs":true,"m_FxEnabled":true},"in2DMode":false,"pivot":{"x":-2.9607856273651125,"y":0.6492341756820679,"z":2.1940693855285646},"rotation":{"x":-0.0171006228774786,"y":0.8575711846351624,"z":0.028557153418660165,"w":0.5133541822433472},"size":1.4429242610931397,"orthographic":false}